"<div class=""item""><img src=""img/travels/",3,".png""></div>"
"<div class=""item""><img src=""img/travels/",5,".png""></div>"
"<div class=""item""><img src=""img/travels/",6,".png""></div>"
"<div class=""item""><img src=""img/travels/",7,".png""></div>"
"<div class=""item""><img src=""img/travels/",8,".png""></div>"
"<div class=""item""><img src=""img/travels/",9,".png""></div>"
"<div class=""item""><img src=""img/travels/",10,".png""></div>"
"<div class=""item""><img src=""img/travels/",11,".png""></div>"
"<div class=""item""><img src=""img/travels/",12,".png""></div>"
"<div class=""item""><img src=""img/travels/",13,".png""></div>"
"<div class=""item""><img src=""img/travels/",14,".png""></div>"
"<div class=""item""><img src=""img/travels/",15,".png""></div>"
"<div class=""item""><img src=""img/travels/",16,".png""></div>"
"<div class=""item""><img src=""img/travels/",17,".png""></div>"
"<div class=""item""><img src=""img/travels/",18,".png""></div>"
"<div class=""item""><img src=""img/travels/",19,".png""></div>"
"<div class=""item""><img src=""img/travels/",20,".png""></div>"
"<div class=""item""><img src=""img/travels/",21,".png""></div>"
"<div class=""item""><img src=""img/travels/",22,".png""></div>"
"<div class=""item""><img src=""img/travels/",23,".png""></div>"
"<div class=""item""><img src=""img/travels/",24,".png""></div>"
"<div class=""item""><img src=""img/travels/",25,".png""></div>"
"<div class=""item""><img src=""img/travels/",26,".png""></div>"
"<div class=""item""><img src=""img/travels/",27,".png""></div>"
"<div class=""item""><img src=""img/travels/",28,".png""></div>"
"<div class=""item""><img src=""img/travels/",29,".png""></div>"
"<div class=""item""><img src=""img/travels/",30,".png""></div>"
"<div class=""item""><img src=""img/travels/",31,".png""></div>"
"<div class=""item""><img src=""img/travels/",32,".png""></div>"
"<div class=""item""><img src=""img/travels/",33,".png""></div>"
"<div class=""item""><img src=""img/travels/",34,".png""></div>"
"<div class=""item""><img src=""img/travels/",35,".png""></div>"
"<div class=""item""><img src=""img/travels/",36,".png""></div>"
"<div class=""item""><img src=""img/travels/",37,".png""></div>"
"<div class=""item""><img src=""img/travels/",38,".png""></div>"
"<div class=""item""><img src=""img/travels/",39,".png""></div>"
"<div class=""item""><img src=""img/travels/",40,".png""></div>"
"<div class=""item""><img src=""img/travels/",41,".png""></div>"
"<div class=""item""><img src=""img/travels/",42,".png""></div>"
"<div class=""item""><img src=""img/travels/",43,".png""></div>"
"<div class=""item""><img src=""img/travels/",44,".png""></div>"
"<div class=""item""><img src=""img/travels/",45,".png""></div>"
"<div class=""item""><img src=""img/travels/",46,".png""></div>"
"<div class=""item""><img src=""img/travels/",47,".png""></div>"
"<div class=""item""><img src=""img/travels/",48,".png""></div>"
"<div class=""item""><img src=""img/travels/",49,".png""></div>"
"<div class=""item""><img src=""img/travels/",50,".png""></div>"
"<div class=""item""><img src=""img/travels/",51,".png""></div>"
"<div class=""item""><img src=""img/travels/",52,".png""></div>"
"<div class=""item""><img src=""img/travels/",53,".png""></div>"
"<div class=""item""><img src=""img/travels/",54,".png""></div>"
"<div class=""item""><img src=""img/travels/",55,".png""></div>"
"<div class=""item""><img src=""img/travels/",56,".png""></div>"
"<div class=""item""><img src=""img/travels/",57,".png""></div>"
"<div class=""item""><img src=""img/travels/",58,".png""></div>"
"<div class=""item""><img src=""img/travels/",59,".png""></div>"
"<div class=""item""><img src=""img/travels/",60,".png""></div>"
"<div class=""item""><img src=""img/travels/",61,".png""></div>"
"<div class=""item""><img src=""img/travels/",62,".png""></div>"
"<div class=""item""><img src=""img/travels/",63,".png""></div>"
"<div class=""item""><img src=""img/travels/",64,".png""></div>"
"<div class=""item""><img src=""img/travels/",65,".png""></div>"
"<div class=""item""><img src=""img/travels/",66,".png""></div>"
"<div class=""item""><img src=""img/travels/",67,".png""></div>"
"<div class=""item""><img src=""img/travels/",68,".png""></div>"
"<div class=""item""><img src=""img/travels/",69,".png""></div>"
"<div class=""item""><img src=""img/travels/",70,".png""></div>"
"<div class=""item""><img src=""img/travels/",71,".png""></div>"
"<div class=""item""><img src=""img/travels/",72,".png""></div>"
"<div class=""item""><img src=""img/travels/",73,".png""></div>"
"<div class=""item""><img src=""img/travels/",74,".png""></div>"
"<div class=""item""><img src=""img/travels/",75,".png""></div>"
"<div class=""item""><img src=""img/travels/",76,".png""></div>"
"<div class=""item""><img src=""img/travels/",77,".png""></div>"
"<div class=""item""><img src=""img/travels/",78,".png""></div>"
"<div class=""item""><img src=""img/travels/",79,".png""></div>"
"<div class=""item""><img src=""img/travels/",80,".png""></div>"
"<div class=""item""><img src=""img/travels/",81,".png""></div>"
"<div class=""item""><img src=""img/travels/",82,".png""></div>"
"<div class=""item""><img src=""img/travels/",83,".png""></div>"
"<div class=""item""><img src=""img/travels/",84,".png""></div>"
"<div class=""item""><img src=""img/travels/",85,".png""></div>"
"<div class=""item""><img src=""img/travels/",86,".png""></div>"
"<div class=""item""><img src=""img/travels/",87,".png""></div>"
"<div class=""item""><img src=""img/travels/",88,".png""></div>"
"<div class=""item""><img src=""img/travels/",89,".png""></div>"
"<div class=""item""><img src=""img/travels/",90,".png""></div>"
"<div class=""item""><img src=""img/travels/",91,".png""></div>"
"<div class=""item""><img src=""img/travels/",92,".png""></div>"
"<div class=""item""><img src=""img/travels/",93,".png""></div>"
"<div class=""item""><img src=""img/travels/",94,".png""></div>"